epoch,dense_1_categorical_accuracy,dense_1_loss,dense_2_categorical_accuracy,dense_2_loss,dense_3_categorical_accuracy,dense_3_loss,loss
0,0.8060776591300964,0.8832430839538574,0.9681307673454285,0.777748703956604,0.8062308430671692,0.8352977633476257,2.710862874984741
