epoch,dense_1_categorical_accuracy,dense_1_loss,dense_2_categorical_accuracy,dense_2_loss,dense_3_categorical_accuracy,dense_3_loss,loss
0,0.812734067440033,0.8711215853691101,0.8072353005409241,0.7972727417945862,0.8063499927520752,0.8451234698295593,2.70082426071167
