epoch,dense_1_categorical_accuracy,dense_1_loss,dense_2_categorical_accuracy,dense_2_loss,dense_3_categorical_accuracy,dense_3_loss,loss
0,0.9612870216369629,0.8949093222618103,0.807133138179779,0.8236263394355774,0.8071671724319458,0.8234900236129761,2.743154287338257
