epoch,dense_1_categorical_accuracy,dense_1_loss,dense_2_categorical_accuracy,dense_2_loss,dense_3_categorical_accuracy,dense_3_loss,loss
0,0.7377049326896667,1.2346152067184448,0.738994300365448,1.0977725982666016,0.7397080659866333,1.1212693452835083,3.458268404006958
