epoch,dense_1_categorical_accuracy,dense_1_loss,dense_2_categorical_accuracy,dense_2_loss,dense_3_categorical_accuracy,dense_3_loss,loss
0,0.7293372750282288,1.2584071159362793,0.7288135886192322,1.2111506462097168,0.7288135886192322,1.2005003690719604,3.608675241470337
