epoch,dense_1_categorical_accuracy,dense_1_loss,dense_2_categorical_accuracy,dense_2_loss,dense_3_categorical_accuracy,dense_3_loss,loss
0,0.6800000071525574,1.4911162853240967,0.6801404356956482,1.3439582586288452,0.7167696356773376,1.2206043004989624,3.9442954063415527
