epoch,dense_1_categorical_accuracy,dense_1_loss,dense_2_categorical_accuracy,dense_2_loss,dense_3_categorical_accuracy,dense_3_loss,loss
0,0.7288135886192322,1.3015469312667847,0.7295753359794617,1.1745599508285522,0.7335031628608704,1.0884721279144287,3.5485403537750244
