epoch,dense_1_categorical_accuracy,dense_1_loss,dense_2_categorical_accuracy,dense_2_loss,dense_3_categorical_accuracy,dense_3_loss,loss
0,0.8060946464538574,0.9136384129524231,0.8102145195007324,0.7489216923713684,0.8069458603858948,0.8052903413772583,2.6878085136413574
