epoch,dense_1_categorical_accuracy,dense_1_loss,dense_2_categorical_accuracy,dense_2_loss,dense_3_categorical_accuracy,dense_3_loss,loss
0,0.6830617785453796,1.5066293478012085,0.6820505857467651,1.3381974697113037,0.6860674023628235,1.3458800315856934,4.014333724975586
